Keyword,Чистый запрос,Requests,Clear_Cards,Cards,Ratio,Rev_Price
картина на стену,нет,26884,3630,59246,0.4537690308206461,957
картина,нет,20336,6000,99270,0.20485544474665054,1197
постеры на стену,нет,18356,1805,20584,0.8917605907500972,377
постеры,poster art,16464,6000,94322,0.1745510061279447,355
картины на стену,нет,11808,3619,59030,0.20003388107741826,953
картины,нет,9408,6000,99270,0.0947718343910547,1197
панно на стену,нет,9344,-2,99546,0.09386615233158539,-2
модульная картина,нет,4156,3614,59785,0.0695157648239525,2283
постеры интерьерные,нет,4148,1415,56446,0.07348616376714028,554
постеры аниме,постеры аниме,3748,-2,57719,0.06493528993918814,-2
картина на стену большая,нет,2848,587,34822,0.08178737579691,2060
картина на холсте,"картины маслом на холсте
картины на холсте известных художников
пейзажи на холсте
рисунки на холсте абстракция",2844,4848,59085,0.04813404417364813,1471
алмазная картина,стоп,2724,5602,105717,0.025766905984846336,716
картина на кухню,"картины еда и напитки
картины для  еда и напитки
картины утро завтрак чай и кофе
завтрак кофе картины
картины для  фрукты и цветы
картина выпечка хлеба
хлебобулочные изделия ассортимент
картина натюрморт с едой
картины натюрморт с колбасой
натюрморт с яичницей
натюрморт с яичницей фото
деревенский натюрморт фото
фото натюрморты с откущенной яблокой
натюрморт с салом и хлебом живопись
натюрморт с грибами
натюрморт кухня",2112,63,58712,0.03597220329745197,1188
модульная картина на стену,нет,1908,1202,59707,0.031956052054198,1947
картины на кухню,"картины еда и напитки
картины для  еда и напитки
картины утро завтрак чай и кофе
завтрак кофе картины
картины для  фрукты и цветы
картина выпечка хлеба
хлебобулочные изделия ассортимент
картина натюрморт с едой
картины натюрморт с колбасой
натюрморт с яичницей
натюрморт с яичницей фото
деревенский натюрморт фото
фото натюрморты с откущенной яблокой
натюрморт с салом и хлебом живопись
натюрморт с грибами
натюрморт кухня",1884,60,59765,0.031523466912072286,1183
модульные картины,нет,1884,145,59820,0.03149448345035105,1958
мини постеры,"мини постеры скачать
мини постеры распечатать",1820,287,17483,0.10410112680890007,428
картина интерьерная,"модерн картины художников
интерьерная живопись пейзаж",1776,819,60614,0.029300161678820075,1435
картина стразами,нет,1692,548,57700,0.02932409012131716,762
картина по намерам,"картины по номерам на холсте абстракция
картины по номерам на холсте абстракция кандинский
картины по номерам на холсте абстракция
картина по номерам",1608,0,134416,0.011962861564099512,-1
картина модульная,нет,1436,3617,59776,0.02402301927194861,2282
картина алмазная,стоп,1408,5602,105708,0.013319710901729292,714
картины для  на стену современные,еда на кухне,1388,0,18379,0.07552097502584472,-1
картина алмазная мозаика,нет,1372,5234,57246,0.0239667400342382,890
картина из страз,нет,1356,106,57715,0.02349475872823356,482
интерьерные картины,"картинки городов мира
картинки природы
картинки абстракция красивые
красивые картинки графика
абстракция цветы
абстракция цветов живопись
природа и животные фото",1188,26,60614,0.01959943247434586,2196
картины на стену для интерьера,нет,1144,109,34477,0.033181541317400004,1427
аниме постеры,"аниме постеры
за гранью аниме постер
аниме вольный стиль
вольный стиль аниме арт
",1048,1398,57591,0.01819728777065861,299
картина на стену в спальню,нет,1004,67,34720,0.02891705069124424,1091
интерьерная картина,"картинки городов мира
картинки природы
картинки абстракция красивые
красивые картинки графика
абстракция цветы
абстракция цветов живопись
природа и животные фото",992,814,60630,0.01636153719280884,1445
постеры в детскую,"постеры в детскую для распечатки
милые постеры на стену распечатать
постеры животные в детскую для распечатки",988,164,59408,0.01663075680043092,406
картина на стекле,стоп,952,2270,58897,0.016163811399561946,1375
рамка для картины,стоп,920,634,5114,0.1798983183418068,993
песочная картина,стоп,896,344,4892,0.18315617334423548,899
картина мозаика,"мозаика пейзаж
мозаика цветы
",852,5242,32378,0.026314163938476742,1408
модульные картины на стену,нет,840,21,59706,0.014068937795196463,3278
постеры на стену эстетика,"постеры на стену эстетика
постеры на стену эстетика пинтерест
постеры на стену эстетика пинтерест инди кид
постеры на стену эстетика пинтерест распечатать",828,178,8126,0.10189515136598573,461
картины на холсте,"картины маслом на холсте
картины на холсте известных художников
пейзажи на холсте
рисунки на холсте абстракция",820,4846,59124,0.013869156349367431,1472
картина аниме,картина аниме,788,3817,34980,0.02252715837621498,1200
картина в спальню,нет,704,42,58863,0.01195997485687104,1305
постеры blackpink,постеры blackpink,696,1124,2023,0.3440434997528423,564
постеры на стену большие,плакаты на стену распечатать,688,163,34909,0.01970838465725171,454
постеры на стену аниме,"аниме плакаты
плакат на день рождения аниме
аниме сладости",680,143,33724,0.020163681651049696,395
картина по фото,нет,664,168,34492,0.019250840774672387,1555
постеры на кухню,"прикольные плакаты для 
аппетитный постер на кухню винтаж
постеры на стену прикольные распечатать",652,60,34826,0.018721644748176648,372
картина в детскую,"картина в детскую девочке
картинки для мальчиков из мультфильмов
картинки для девочек из мультфильмов",632,41,59605,0.010603137320694572,1058
картины интерьерные,"картинки городов мира
картинки природы
картинки абстракция красивые
красивые картинки графика
абстракция цветы
абстракция цветов живопись
природа и животные фото",620,26,60636,0.010224948875255624,2196
по номерам картины на холсте,,604,2049,97642,0.006185862641076586,795
рамка 40х50 для картины,стоп,600,218,6816,0.0880281690140845,872
картина модульная на стену,нет,600,1202,59707,0.01004907297301824,1947
картина на стену модульная,нет,584,1202,59707,0.009781097693737752,1947
картины по намерам,"картины по номерам на холсте абстракция
картины по номерам на холсте абстракция кандинский
картина по номерам",580,0,134394,0.004315668854264328,-1
постеры на стену интерьерные,нет,576,543,35828,0.01607681143239924,414
картина под номером,стоп,572,0,134389,0.004256300738899761,-1
картина из эпоксидной смолы,стоп,548,35,1082,0.5064695009242144,3751
картина мияги,"картинки мияги и эндшпиль
miyagi эндшпиль картинки
фото мияги и эндшпиль b b[ uheggf
мияги азамат кудзаев
miyagi эндшпиль фото 2017
miyagi эндшпиль фотосессии
miyagi картинки на рабочий стол",548,912,2810,0.19501779359430604,808
постеры геншин,постеры геншин,532,5197,15521,0.03427614200115972,486
рамка для картины 40х50,стоп,528,218,6816,0.07746478873239436,872
картины на стену для интерьера современные,"картинки городов мира
картинки природы
картинки абстракция красивые
красивые картинки графика
абстракция цветы
абстракция цветов живопись
природа и животные фото",516,0,34869,0.014798244859330638,-1
картины из страз,стоп,508,106,57715,0.008801871263969505,482
картины для интерьера,"картинки городов мира
картинки природы
картинки абстракция красивые
красивые картинки графика
абстракция цветы
абстракция цветов живопись
природа и животные фото",504,312,99273,0.005076909129370524,1318
картина нитями,стоп,500,2,32956,0.015171744143706761,2269
картина на холсте большая,"картины маслом на холсте
картины на холсте известных художников
пейзажи на холсте
рисунки на холсте абстракция",492,729,59862,0.008218903477999398,2146
картина в прихожую,"вертикальные картины художников
вертикальная картина графика
вертикальные картинки высокого качества",476,15,59654,0.007979347570992725,1973
рама для картины,стоп,468,3393,5119,0.091424106270756,1019
картина маслом,"картина маслом
картины маслом на холсте природа яркая
картины маслом на холсте пейзажи италии
картины маслом ночной город в воде
художник graham gercken картины
художники бродвея картины",468,2695,11651,0.040168225903355934,13168
постеры на стену 30х40,нет,468,386,32827,0.014256557102385232,383
картина большая на стену,"картины большие 
абстрактные картины зеленые (красные,синие и так далее) большие",468,587,34821,0.013440165417420522,2068
картина в раме,нет,468,1283,40816,0.01146609172873383,1683
картина на стену в гостиную,"картинки городов мира
картинки природы
картинки абстракция красивые
красивые картинки графика
абстракция 
абстракция цветов живопись
природа и животные фото",464,131,34543,0.01343253336421272,2329
картина стразами на подрамнике,стоп,452,122,33269,0.01358622140731612,665
картина пионы,"картина пионы
пионы картины художников
картины современных художников пионы
нежные пионы
пионы фон
пионы винтаж
пионы ретро
обои для рабочего стола 1920х1080 высокого качества пионы ретро
пионы барокко
весенние пионы",444,3654,17580,0.025255972696245733,4213
картина мозаика алмазная,стоп,432,5233,57247,0.007546246964906458,890
картина большая,"картины маслом на холсте
картины на холсте известных художников
пейзажи на холсте
рисунки на холсте абстракция",428,1248,59804,0.007156711925623704,2056
картина на стену на кухню,"картины еда и напитки
картины для  еда и напитки
картины утро завтрак чай и кофе
завтрак кофе картины
картины для  фрукты и 
картина выпечка хлеба
хлебобулочные изделия ассортимент
картина натюрморт с едой
картины натюрморт с колбасой
натюрморт с яичницей
натюрморт с яичницей фото
деревенский натюрморт фото
фото натюрморты с откущенной яблокой
натюрморт с салом и хлебом живопись
натюрморт с грибами
натюрморт кухня",424,101,34830,0.01217341372380132,1269
картина интерьерная большая на стену,"картины маслом на холсте
картины на холсте известных художников
пейзажи на холсте
рисунки на холсте абстракция",424,207,34856,0.012164333256828093,1864
картины на стену модульные,нет,420,21,59708,0.007034233268573726,3278
картины стразами,стоп,416,548,57681,0.007212080234392608,761
картина по намирам,"картины по номерам на холсте абстракция
картины по номерам на холсте абстракция кандинский
картина по номерам",416,0,134396,0.003095330218161255,-1
картина лофт,"картины лофт лицо
картины лофт винтаж распечатать",412,245,5729,0.07191481934019898,1195
алмазные картины,стоп,412,41,105671,0.0038988937362190194,435
картина море,"картина море
известные картины с морем
картины моря известных художников
картины моря маслом на холсте известных художников
фото моря и океана
фото моря и океана высокого разрешения
фото моря и пляжа высокого разрешения
италия море фото
рассвет на море фото
закат на море фото высокого разрешения",408,3145,59397,0.006869033789585333,1748
алмазная картина на подрамнике,стоп,404,2613,33134,0.01219291362346834,892
картины в детскую,"картина в детскую девочке
картинки для мальчиков из мультфильмов
картинки для девочек из мультфильмов",396,43,59606,0.006643626480555649,1093
картина для ,"картины еда и напитки
картины для  еда и напитки
картины утро завтрак чай и кофе
завтрак кофе картины
картины для  фрукты и 
картина выпечка хлеба
хлебобулочные изделия ассортимент
картина натюрморт с едой
картины натюрморт с колбасой
натюрморт с яичницей
натюрморт с яичницей фото
деревенский натюрморт фото
фото натюрморты с откущенной яблокой
натюрморт с салом и хлебом живопись
натюрморт с грибами
натюрморт кухня",392,41,57906,0.006769592097537388,1139
картина абстракция,"картина абстракция
абстракция картины известных художников
девушка абстракция картина
африка абстракция
абстракция в живописи",392,3481,59327,0.006607446862305527,1551
картина для интерьера,"картинки городов мира
картинки природы
картинки абстракция красивые
красивые картинки графика
абстракция цветы
абстракция цветов живопись
природа и животные фото",380,310,99269,0.0038279825524584715,1317
картины на стену большие,"картины маслом на холсте
картины на холсте известных художников
пейзажи на холсте
рисунки на холсте абстракция",376,4,34815,0.010799942553497055,2364
картина из песка,стоп,372,579,8601,0.04325078479246599,378
постеры на стену 50*70,"крутые постеры на стену распечатать
плакаты на стену распечатать",372,0,34489,0.01078604772536171,-1
картины алмазная мозаика,стоп,372,5243,57220,0.006501223348479553,888
картина стразами алмазная,стоп,372,200,57506,0.006468890202761451,624
картины модульные,нет,368,146,59775,0.006156419907988289,1964
картины модульные на стену,нет,360,21,59707,0.006029443783810943,3278
постеры мини,"постеры мини
мини постеры распечатать",356,287,17483,0.020362637991191444,428
правила дома картина,правила дома картина распечатать,356,802,18232,0.01952610794207986,823
картина на стену абстракция,"картина абстракция
абстракция картины известных художников
девушка абстракция картина
африка абстракция
абстракция в живописи",356,125,34546,0.010305100445782435,1337
картина на кухню большая,"картины еда и напитки
картины для  еда и напитки
картины утро завтрак чай и кофе
завтрак кофе картины
картины для  фрукты и цветы
картина выпечка хлеба
хлебобулочные изделия ассортимент
картина натюрморт с едой
картины натюрморт с колбасой
натюрморт с яичницей
натюрморт с яичницей фото
деревенский натюрморт фото
фото натюрморты с откущенной яблокой
натюрморт с салом и хлебом живопись
натюрморт с грибами
натюрморт кухня",356,14,34981,0.010176953203167433,754
картина черно белая,картина черно белая,356,315,56561,0.006294089567016142,1453
постеры stray kids,"постеры stray kids
постеры stray kids для распечатки",352,3233,3486,0.10097532989099255,486
мини постеры на стену,нет,352,108,15992,0.022011005502751375,425
картина в гостиную,"картинки городов мира
картинки природы
картинки абстракция красивые
красивые картинки графика
абстракция цветы
абстракция цветов живопись
природа и животные фото",352,11,59638,0.005902277071665717,2125
картина нитками,стоп,348,9,33522,0.010381242169321639,634
картины для ,"картины еда и напитки
картины для  еда и напитки
картины утро завтрак чай и кофе
завтрак кофе картины
картины для  фрукты и цветы
картина выпечка хлеба
хлебобулочные изделия ассортимент
картина натюрморт с едой
картины натюрморт с колбасой
натюрморт с яичницей
натюрморт с яичницей фото
деревенский натюрморт фото
фото натюрморты с откущенной яблокой
натюрморт с салом и хлебом живопись
натюрморт с грибами
натюрморт кухня",344,41,58102,0.0059206223537916075,1139
картина бисером,стоп,340,3166,36549,0.009302580097950696,1142
рама для картины 40х50,стоп,332,119,29218,0.011362858511876241,1012
картина на стену природа,"природа
природа и цветы в hd качестве
природа цветы ромашки
реальные фото природы",332,134,34906,0.009511258809373747,1080
картина природа,"природа
природа и цветы в hd качестве
природа цветы ромашки
реальные фото природы",328,1502,59583,0.005504925901683366,1472
картины аниме,картины аниме,320,3819,34976,0.009149130832570906,1200
картина на холсте по номерам,стоп,320,2050,97650,0.003277009728622632,795
картина на подрамнике,стоп,316,7,35000,0.00902857142857143,608
картины в спальню,"картинки городов мира
картинки природы
картинки абстракция красивые
красивые картинки графика
абстракция цветы
абстракция цветов живопись
природа и животные фото",316,41,58843,0.0053702224563669425,1297
постеры интерьерные 50х70,"постеры мы семья распечатать
постеры распечатать розовые
постеры tumblr распечатать
постер распечатать позитивные",312,140,32885,0.009487608332066291,808
картина скрудж макдак,"картина скрудж макдак
скрудж макдак купается в деньгах
скрудж макдак купается в деньгах обои
скрудж макдак картинки из мультфильма
скрудж макдак картина
надпись скрудж макдак на картинке
скрудж макдак купается в деньгах
картинки скрудж макдак и деньги
скрудж макдак ныряет в деньги
скрудж макдак и поночка
скрудж макдак картинки из мультфильма
скрудж макдак картинки для взрослых",308,585,2374,0.12973883740522324,1226
картина с подсветкой,стоп,308,373,3973,0.07752328215454317,2980
большая картина на стену,"картинки городов мира
картинки природы
картинки абстракция красивые
красивые картинки графика
абстракция цветы
абстракция цветов живопись
природа и животные фото",308,589,34820,0.008845491097070649,2063
большая картина,"картинки городов мира
картинки природы
картинки абстракция красивые
красивые картинки графика
абстракция цветы
абстракция цветов живопись
природа и животные фото",308,1247,59800,0.005150501672240803,2056
картины алмазные,стоп,308,41,105731,0.002913052936224948,435
постеры с димой матвеевым,"дима матвеев
дима матвеев битва экстрасенсов
дима матвеев фото",304,0,105,2.895238095238095,-1
картины из бисера,стоп,304,73,36537,0.008320332813312533,961
картина абстракция для интерьера,"картина абстракция
абстракция картины известных художников
девушка абстракция картина
африка абстракция
абстракция в живописи",300,3,34836,0.00861178091629349,1115
рамка для картины 30х40,стоп,300,406,56303,0.005328312878532227,753
картина со стразами,стоп,296,14,57587,0.005140048969385452,718
картина деньги,"картина деньги
картина богатство
картинки привлекающие деньги
картинки привлекающие деньги и удачу на рабочий стол
",288,435,3236,0.08899876390605686,1315
картина в рамке,стоп,288,761,40831,0.007053464279591487,1735
картина лев,"картина лев
картина лев красками
портрет льва
лев цветной
картинки рычащие львы
4 льва фото
лев в природе
картина семья львов",284,5355,12918,0.021984827372658305,2594
подставка для картины,стоп,280,146,1899,0.1474460242232754,1701
постеры стрей кидс,"постеры стрей кидс
постеры стрей кидс распечатать",280,1313,3486,0.08032128514056225,510
модульная картина на кухню,нет,280,104,34904,0.008022003208801283,2238
картина девушка,"картина девушка
картинки девушек в стиле арт
арты девушек
картины девушек современных художников",280,346,59714,0.004689017650802157,1262
набор для создания картины,стоп,276,206,32627,0.00845925154013547,723
картины в гостиную,"картинки городов мира
картинки природы
картинки абстракция красивые
красивые картинки графика
абстракция цветы
абстракция цветов живопись
природа и животные фото",276,12,59636,0.0046280770004695155,2067
постеры hello kitty,"постеры hello kitty
плакат с днем рождения hello kitty",272,161,238,1.1428571428571428,547
аниме картина,аниме картина,268,3826,34973,0.007663054356217653,1199
мусульманские картины,"исламские картинки хорошие
исламские картинки природа
исламские картинки про любовь",264,45,678,0.3893805309734513,1384
картина нитью из фотографии,стоп,264,0,4134,0.06386066763425254,-1
картина из бисера,стоп,264,73,36536,0.00722574994525947,961
картина на кухню настенные,"картины еда и напитки
картины для  еда и напитки
картины утро завтрак чай и кофе
завтрак кофе картины
картины для  фрукты и цветы
картина выпечка хлеба
хлебобулочные изделия ассортимент
картина натюрморт с едой
картины натюрморт с колбасой
натюрморт с яичницей
натюрморт с яичницей фото
деревенский натюрморт фото
фото натюрморты с откущенной яблокой
натюрморт с салом и хлебом живопись
натюрморт с грибами
натюрморт кухня",260,0,34825,0.007465900933237617,-1
постеры стрэй кидс,"постеры стрэй кидс
стрэй кидс постеры распечатать",256,156,949,0.2697576396206533,273
мини постеры аниме,мини постеры аниме,252,70,506,0.4980237154150198,357
постеры бтс,постеры бтс,252,4680,7350,0.03428571428571429,550
пионы картина,"картина пионы
пионы картины художников
картины современных художников пионы
нежные пионы
пионы фон
пионы винтаж
пионы ретро
обои для рабочего стола 1920х1080 высокого качества пионы ретро
пионы барокко
весенние пионы",248,3654,17580,0.014106939704209329,4213
картина в офис на стену,"абстракция природы живопись
абстракция рисунки
картинки абстракция черно-белые
картинки на телефон абстракция
картинки абстракция высокого разрешения
картинки высокого разрешения город
мотивационные картинки для сотрудников
мотивация персонала картинки",248,2,55996,0.004428887777698407,1585
картины на кухню модульные,нет,244,2,34904,0.0069906027962411185,2421
картина красками по номерам,стоп,244,260,57954,0.0042102357041791764,1018
картина мотивация,"картина мотивация
картина мотивация жизни
картина мотивация спорт",240,596,17502,0.013712718546451834,1276
постеры эстетичные,"постеры эстетичные
постеры эстетичные распечатать
постеры эстетичные америка
постеры эстетичные черно белые",236,5,12994,0.01816222872094813,372
картина алмазная мозаика на подрамнике 40х50,стоп,236,2266,19035,0.012398213816653533,903
картины на стену в гостиную,"картинки городов мира
картинки природы
картинки абстракция красивые
красивые картинки графика
абстракция цветы
абстракция цветов живопись
природа и животные фото",236,131,34539,0.006832855612496019,2329
постеры интерьерные в рамке,"картинки городов мира
картинки природы
картинки абстракция красивые
красивые картинки графика
абстракция цветы
абстракция цветов живопись
природа и животные фото",236,0,34848,0.006772268135904499,-1
постеры в рамах,"картинки городов мира
картинки природы
картинки абстракция красивые
красивые картинки графика
абстракция цветы
абстракция цветов живопись
природа и животные фото",236,1,60032,0.003931236673773987,1458
постеры строй кидс,постеры строй кидс,232,1,81,2.8641975308641974,241
футболка с принтом картины,стоп,232,1262,26689,0.00869271984712803,990
картина нитью,стоп,232,32,32936,0.007043964051493806,5016
картина горы,"картина горы
картины горы известных художников
рерих горы
картинки горы кавказа
картинки горы кавказа ночью
картинки горы гималаи
картинки горы алтая
картинки горы китай",228,3594,40324,0.005654200972125781,2050
картина своими руками,стоп,224,0,30685,0.007299983705393515,-1
картина на стену аниме,картина аниме,224,176,34801,0.006436596649521565,1039
картина 50х70 на холсте,"картины маслом на холсте
картины на холсте известных художников
пейзажи на холсте
рисунки на холсте абстракция",224,1353,59879,0.0037408774361629288,2685
картина масло холст,"картина масло холст
живопись маслом на холсте
картины маслом на холсте река
картины маслом на холсте турция
картины маслом абстракция цветы
розы картины маслом
картины маслом для начинающих
картины маслом кошки",220,761,7129,0.030859868144199748,6410
картина алмазная на подрамнике,стоп,220,2617,33153,0.006635900220191234,891
картина в гостиную большая,"картинки городов мира
картинки природы
картинки абстракция красивые
красивые картинки графика
абстракция цветы
абстракция цветов живопись
природа и животные фото",220,80,34926,0.0062990322395922805,3243
картина в комнату,"картинки городов мира
картинки природы
картинки абстракция красивые
красивые картинки графика
абстракция цветы
абстракция цветов живопись
природа и животные фото
",220,30,59248,0.003713205509046719,1213
картина руки отпечаток,нет,216,11,2379,0.09079445145018916,1375
картина скрудж,"картина скрудж
скрудж макдак картинки
картина скрудж макдак
скрудж макдак купается в деньгах
скрудж макдак купается в деньгах обои
скрудж макдак картинки из мультфильма
скрудж макдак картина
надпись скрудж макдак на картинке
скрудж макдак купается в деньгах
картинки скрудж макдак и деньги
скрудж макдак ныряет в деньги
скрудж макдак и поночка
скрудж макдак картинки из мультфильма
скрудж макдак картинки для взрослых",216,821,2585,0.08355899419729207,1181
плакаты на стену постеры,плакаты постеры на стену распечатать,216,93,75118,0.0028754759178891876,230
картина в спальню большая,"картинки городов мира
картинки природы
картинки абстракция красивые
красивые картинки графика
абстракция цветы
абстракция цветов живопись
природа и животные фото",212,48,34822,0.006088105220837401,1359
модульные картины на кухню,нет,212,2,34904,0.006073802429520971,2421
постеры геншин ху тао,"постеры геншин ху тао
",208,669,1103,0.1885766092475068,499
картины для салона красоты,"картина в салон красоты вертикальная
бьюти картинки нарисованные ресницы
картины в салон красоты маникюр
бьюти картинки нарисованные
бьюти картинки нарисованные девушки
бьюти рисунки визажиста
косметика рисунок
девушка парикмахер рисунок",208,2,22542,0.00922722029988466,1711
интерьерные постеры,"картинки городов мира
картинки природы
картинки абстракция красивые
красивые картинки графика
абстракция цветы
абстракция цветов живопись
природа и животные фото",208,1378,56663,0.003670825759313838,559
постеры с экстрасенсами,"постеры с экстрасенсами
постеры экстрасенсы битва сильнейших",204,0,476,0.42857142857142855,-1
картина в ванную комнату,прикольные картины в ванную комнату,204,1,3776,0.05402542372881356,1139
вышивки бисером картины наборы,стоп,204,0,17699,0.011526074919486977,-1
картина модульная большая,стоп,200,372,33716,0.005931901767706727,2628
интерьерная картина на холсте,"картинки городов мира
картинки природы
картинки абстракция красивые
красивые картинки графика
абстракция цветы
абстракция цветов живопись
природа и животные фото",200,116,59453,0.003364001816560981,768
картина в офис,"абстракция природы живопись
абстракция рисунки
картинки абстракция черно-белые
картинки на телефон абстракция
картинки абстракция высокого разрешения
картинки высокого разрешения город
мотивационные картинки для сотрудников
мотивация персонала картинки",200,8,59793,0.00334487314568595,807
картина 100х60,нет,196,11,5066,0.03868930122384524,1194
картина песком,стоп,196,584,8578,0.02284914898577757,3778
картина руки,"картина руки
руки на картинах великих художников
картины руки любви
руки рисунок картина",196,696,34356,0.0057049714751426246,1766
картина лес,"картина лес
картина лес в тумане
картина лето в лесу
картина леса для детей
картина весеннего леса
картина леса с животными
лес картинки для детей
картины сказочного леса
картины леса известных художников
картина закат в лесу",196,5251,34430,0.005692709846064479,4135
картина цветы,"картина цветы
картины цветов известных художников
картины цветы на розовом фоне
картины цветы большое разрешение
абстракция цветы картины
цветы в картинах великих художников
картины цветы нарисованные
цветы картины художников
картины нежность цветы
картина цветы гортензия
картина цветы на поляне
картины цветов акварелью",196,1125,59515,0.0032932874065361674,1354
картины в прихожую,"вертикальные картины художников
вертикальная картина графика
вертикальные картинки высокого качества",196,13,59654,0.0032856137057028865,2000
мотивационные картины,"абстракция природы живопись
абстракция рисунки
картинки абстракция черно-белые
картинки на телефон абстракция
картинки абстракция высокого разрешения
картинки высокого разрешения город
мотивационные картинки для сотрудников
мотивация персонала картинки",192,96,2628,0.0730593607305936,1060
stray kids постеры,stray kids постеры,192,3232,3485,0.05509325681492109,487
картины в детскую на стену,"постеры в детскую для распечатки
милые постеры на стену распечатать
постеры животные в детскую для распечатки
картина в детскую девочке
картинки для мальчиков из мультфильмов
картинки для девочек из мультфильмов
",192,45,57293,0.0033511947358316023,1319
картина настенная,"картинки городов мира
картинки природы
картинки абстракция красивые
красивые картинки графика
абстракция цветы
абстракция цветов живопись
природа и животные фото",192,19,59225,0.0032418742085268044,1914
по номерам картины,стоп,192,6000,134402,0.0014285501703843694,671
часы картина,"часы картины художников
часы дали
картина время
картины с изображением часов
часы на дереве картина",188,3091,18878,0.009958682063777943,1779
постеры в комнату,"крутые постеры на стену распечатать
плакаты на стену распечатать",188,130,46268,0.0040632834788622806,389
картина обогреватель,нет,184,223,264,0.696969696969697,1695
постеры с blackpink,постеры с blackpink,184,871,1995,0.09223057644110276,543
модульная картина пионы,нет,184,169,3598,0.05113952195664258,3285
картина мозайка,стоп,184,78,32380,0.005682520074119827,1817
картина из ниток,стоп,184,0,33520,0.005489260143198091,-1
картины рисовать,стоп,184,0,33636,0.005470329408966583,-1
постеры в рамке,нет,184,27,34691,0.005303969329220835,780
картины на стену в спальню,"картинки городов мира
картинки природы
картинки абстракция красивые
красивые картинки графика
абстракция цветы
абстракция цветов живопись
природа и животные фото",184,68,34716,0.005300149786841802,1084
картина в коридор,"вертикальные картины художников
вертикальная картина графика
вертикальные картинки высокого качества",184,8,34878,0.005275531853890705,1250
картины мозаика алмазная,стоп,184,5275,57293,0.003211561621838619,890
картина с надписью,нет,184,131,58237,0.0031595034084860142,1175
картина для спальни,"картинки городов мира
картинки природы
картинки абстракция красивые
красивые картинки графика
абстракция цветы
абстракция цветов живопись
природа и животные фото",184,6,59351,0.00310020050209769,983
картина маслом на холсте,"картины маслом на холсте
картины на холсте известных художников
пейзажи на холсте
рисунки на холсте абстракция",180,358,7129,0.02524898302707252,6997
картина космос,"картина космос
космос картинки высокого качества
картинки про космос и космонавтов
фантастический космос картинки
космос картинки на телефон в hd
картины фантастика
космос акварелью
космос мистика картины
космос картины художников
картины на тему космос
детская картина космос
картины маслом космос",180,5430,22475,0.008008898776418243,4305
постеры на стену с рамкой,"крутые постеры на стену распечатать
плакаты на стену распечатать",180,0,34708,0.005186124236487265,-1
алмазная мозаика маленькая картина,стоп,176,88,6911,0.02546664737375199,740
постеры интерьерные 30х40,"картинки городов мира
картинки природы
картинки абстракция красивые
красивые картинки графика
абстракция цветы
абстракция цветов живопись
природа и животные фото",176,833,31805,0.005533721113032542,421
картины бисером набор,стоп,176,2282,31808,0.005533199195171026,1301
картины алмазная мозаика на подрамнике,стоп,176,2441,33323,0.005281637307565345,890
картина на холсте абстракция,"картина абстракция
абстракция картины известных художников
девушка абстракция картина
африка абстракция
абстракция в живописи",176,251,55599,0.0031655245597942408,1209
анимк постеры,аниме постеры,176,0,57806,0.0030446666436010103,-1
обогреватель настенный картина,стоп,172,157,219,0.7853881278538812,1495
картина обогреватель на стену,стоп,172,0,219,0.7853881278538812,-1
картина мусульманская,"исламские картинки хорошие
исламские картинки природа
исламские картинки про любовь",172,239,679,0.2533136966126657,1426
багет для картины,стоп,172,0,6362,0.02703552342030808,-1
картина с лошадьми,"картина с лошадьми
самые известные картины с лошадьми
картина наездница на лошади
картинки лошадей фэнтези
картина с лошадьми что означает
картинки лошадей вертикальные
лошади на воле
картины сказочных лошадей
лошади картины художников
картины с лошадьми фото
лошади на картинах великих художников
картинки лошадей пегасов
картины с лошадьми известных художников
картинки лошадей мустангов",172,3,9878,0.017412431666329217,33286
картины маслом,"картина маслом
картины маслом на холсте природа яркая
картины маслом на холсте пейзажи италии
картины маслом ночной город в воде
художник graham gercken картины
художники бродвея картины",172,2695,11644,0.014771556166265888,13169
картина париж,"картина париж
рисунки на тему париж
париж картинки карандашом
пейзажи парижа картины
картинки париж любовь
картины парижа известных художников
картины с эйфелевой башней
картинки парижа эйфелева башня
картины маслом париж
картинки париж нежные
париж рисунок
виды парижа картины",172,5808,18575,0.009259757738896366,6647
картина по цифрам,стоп,172,9,31803,0.005408294814954564,581
алмазная картина по фото,стоп,168,11,376,0.44680851063829785,1245
песочная картина антистресс,стоп,168,126,399,0.42105263157894735,1309
картина минимализм,"картина минимализм
картинки минимализм на розовом фоне
картинки минимализм животные
минимализм в живописи картины
минимализм природа
картинки минимализм hd
картины минимализм с камнями
минимализм картины известных художников
черно белый минимализм
минимализм tumblr
картины минимализм линии",168,3723,20661,0.008131261797589662,3688
постеры на стену набор,нет,168,499,34832,0.00482315112540193,491
картина на стену большая в гостиную,"картинки городов мира
картинки природы
картинки абстракция красивые
красивые картинки графика
абстракция цветы
абстракция цветов живопись
природа и животные фото",168,97,34871,0.004817756875340541,2911
картины по намирам,стоп,168,0,134368,0.0012502976899261729,-1
макан картина,макан картина,164,163,287,0.5714285714285714,930
постеры король и шут,"король и шут постер пнг
король и шут арт
король и шут постеры высокого качества
постеры король и шут
король и шут рисунки
король и шут фотосессия
король и шут обои
король и шут картинки
король и шут первый состав
михаил горшенев
горшок постер",164,380,429,0.3822843822843823,468
картина из lego,стоп,164,2,1412,0.11614730878186968,1360
картина нитями по фотографии,стоп,164,1,4135,0.03966142684401451,4089
картина песок,стоп,164,693,8578,0.01911867568197715,1269
картины в салон красоты,"картина в салон красоты вертикальная
бьюти картинки нарисованные ресницы
картины в салон красоты маникюр
бьюти картинки нарисованные
бьюти картинки нарисованные девушки
бьюти рисунки визажиста
косметика рисунок
девушка парикмахер рисунок",164,104,22542,0.007275308313370597,1425
живая картина,"живая картина
живые двигающиеся картина
реалистичные картины
3d картины",164,21,28045,0.005847744696024247,1895
картины бисером,стоп,164,3170,36553,0.004486635843843186,1142
постеры для ,"картины еда и напитки
картины для  еда и напитки
картины утро завтрак чай и кофе
завтрак кофе картины
картины для  фрукты и цветы
картина выпечка хлеба
хлебобулочные изделия ассортимент
картина натюрморт с едой
картины натюрморт с колбасой
натюрморт с яичницей
натюрморт с яичницей фото
деревенский натюрморт фото
фото натюрморты с откущенной яблокой
натюрморт с салом и хлебом живопись
натюрморт с грибами
натюрморт кухня",164,70,59807,0.0027421539284699114,448
джокер картина,"джокер картина
картинки джокера из фильма
джокер картинки из мультфильма
кровавый джокер картинки
картинки джокер и харли
картинки джокера из отряд самоубийц
joker картинки на рабочий стол
картинки джокера из игры
джокер картинки джаред",160,714,1330,0.12030075187969924,1384
картина лошадь,"картина с лошадьми
самые известные картины с лошадьми
картина наездница на лошади
картинки лошадей фэнтези
картина с лошадьми что означает
картинки лошадей вертикальные
лошади на воле
картины сказочных лошадей
лошади картины художников
картины с лошадьми фото
лошади на картинах великих художников
картинки лошадей пегасов
картины с лошадьми известных художников
картинки лошадей мустангов
конь маслом
картина лошадь
белый конь картина",160,897,9878,0.01619761085239927,2163
постеры аниме на стену,"постеры аниме
за гранью аниме постер
аниме плакаты распечатать
плакаты аниме атака титанов
плакаты аниме великий из бродячих псов
постеры аниме hd",160,144,33724,0.004744395682599929,394
картина по номирам,стоп,160,0,134368,0.0011907597046915933,-1
картина пр номерам,стоп,156,11,197,0.7918781725888325,837
картина слоны,"картина слоны
картинки как слон и человек
слон картинка нешенал географик
слон со слоненком картинки
картинки слона с узорами
семья слонов
слоны прикольные фото
смешной слон
слон цирковой",156,1243,6915,0.022559652928416486,5881
картина на стену цветы,"картина цветы 
картины цветов известных художников 
картины цветы на розовом фоне 
картины цветы большое разрешение 
абстракция цветы 
картины цветы в картинах великих 
картины цветы 
нарисованные цветы картины художников 
картины нежность цветы 
картина цветы гортензия 
картина цветы на поляне 
Картины цветов акварелью",156,62,34654,0.0045016448317654525,1414
модульные картины на стену в гостиную,нет,156,0,34829,0.004479026098940538,-1
картина на стену большая интерьерная,,156,207,34856,0.0044755565756254305,1869
картина на подрамнике по номерам красками,стоп,156,1,53591,0.002910936537851505,1286
постеры с аниме,постеры с аниме,156,1333,57769,0.0027004102546348387,302
постеры набор,нет,156,2094,59632,0.00261604507646901,598
картина макан,картина макан,152,172,325,0.4676923076923077,907
macan картина,macan картина,152,189,325,0.4676923076923077,1045
часы картина настенные,"часы картины художников
часы дали
картина время
картины с изображением часов
часы на дереве картина",152,2563,6635,0.02290881688018086,1115
постеры в детскую для мальчика,"постеры в детскую комнату распечатать
постеры животные в детскую
картины для мальчиков из мультиков",152,5,34583,0.00439522308648758,554
алмазная мозаика картина,стоп,152,5274,57287,0.0026533070330092344,891
картина моря,"картина море
известные картины с морем
картины моря известных художников
картины моря маслом на холсте известных художников
фото моря и океана
фото моря и океана высокого разрешения
фото моря и пляжа высокого разрешения
италия море фото
рассвет на море фото
закат на море фото высокого разрешения",152,676,59415,0.0025582765294959184,1821
картина 50х70,нет,152,4577,59930,0.0025362923410645753,1891
tiny bunny картина,tiny bunny картина,148,13,29,5.103448275862069,359
рамка для картины 50х70,стоп,148,55,406,0.3645320197044335,1230
постеры импровизация,"постеры импровизация
импровизация все вместе
импровизация на тнт
импровизация арты",148,373,645,0.22945736434108527,552
картина маслом на холсте ручная работа,стоп,148,0,1069,0.1384471468662301,-1
картина из пайеток,стоп,148,548,1659,0.08921036769138035,452
картина зебра,"картина зебра
зебра живопись
зебра в природе
зебра картина фото
картина яркие зебры
картина абстракция зебра
картина зебра купить
зебра обои
зебры цветные картины",148,2587,4445,0.03329583802024747,3727
алмазная картина аниме,стоп,148,453,4811,0.030762835169403452,1392
картина на холсте по фото,стоп,148,71,34642,0.004272270654119277,1501
постеры на стену детские,"постеры на стену детские распечатать
постеры в детскую для распечатки
милые постеры на стену распечатать
постеры животные в детскую для распечатки
картина в детскую девочке
картинки для мальчиков из мультфильмов
картинки для девочек из мультфильмов",148,58,34672,0.00426857406552838,220
постеры большие,нет,148,289,34797,0.004253240221858206,613
Картина 18+,"картина эротика
картина сексуальность
сексуальная энергия картинки
эротическая живопись пин-ап
эротическое фэнтези
художник robert mcginnis эротика",148,28,34987,0.0042301426244033494,900
детские картины,"детские картины
постеры на стену детские распечатать
постеры в детскую для распечатки
милые постеры на стену распечатать
постеры животные в детскую для распечатки
картина в детскую девочке
картинки для мальчиков из мультфильмов
картинки для девочек из мультфильмов
картины из мультиков
сказочные картины
детские иллюстрации",144,25,2150,0.06697674418604652,1853
постеры евангелион,"постеры евангелион
евангелион арт
eva01 постер
евангелион арты
евангелион ангелы",144,911,2551,0.0564484515876127,663
картина из страз на подрамнике 40x50,стоп,144,0,20880,0.006896551724137931,-1
картина в гостиную интерьерная,"картинки городов мира
картинки природы
картинки абстракция красивые
красивые картинки графика
абстракция цветы
абстракция цветов живопись
природа и животные фото",144,2,34637,0.004157403932211219,4811
картина на стену в гостиную современная,"картинки городов мира
картинки природы
картинки абстракция красивые
красивые картинки графика
абстракция цветы
абстракция цветов живопись
природа и животные фото",144,0,34888,0.0041274936941068565,-1
картина на кухню модульная,нет,144,104,34902,0.0041258380608561115,2238
картина кот,"картина кот
пародии на картины коты
кот в костюме картина
коты надежды соколовой
картина кот в городе
ким хаскинс коты
kim haskins картины
ким хаскинс новогодние коты
смешные коты ким хаскинс
ким хаскинс картины
картины маслом коты
рисунки котов
кот акварелью
постеры с котами
плакаты с котами
милые котики рисунки
картинки милых котят на аватарку
картинки милых котят аниме
котики мультяшные
картинки милых котят
картинки коты приколы
картины с кошками
картины котов румянцева
",144,3211,44385,0.003244339303818858,1487
картина стразы,стоп,144,354,57590,0.0025004341031429067,323
картина вышивка крестиком,стоп,140,353,6609,0.021183234982599487,863
рама для картины 30х40,стоп,140,103,11331,0.012355484952784396,856
пазлы картины,стоп,140,1358,22397,0.006250837165691834,967
картина алмазная мозаика на подрамнике,стоп,140,2425,33384,0.004193625688952792,891
постеры на стену в рамке,нет,140,3,34706,0.004033884630899556,768
картина декоративная,"декоративная живопись художники
декоративная живопись картины
декоративная живопись пейзаж
декоративная живопись фигура человека
живопись декоративная фигура
декоративная композиция натюрморт
декоративная живопись сказка
стилизованные картины
декоративные картины 
картины декоративные в стиле арт",140,3,58288,0.002401866593466923,1058
картина  по номерам,стоп,140,6000,134366,0.0010419302502121073,670
джи айдл постеры,джи айдл постеры,136,11,35,3.8857142857142857,411
постеры blackpink на стену,"постеры blackpink на стену
постеры blackpink",136,122,1457,0.09334248455730954,505
картина vogue,"картина vogue
обложки vogue
обложки vogue винтаж
обложки vogue 90-х",136,307,1527,0.08906352324819908,1773
картины лофт,"картины лофт лицо
картины лофт винтаж распечатать",136,245,5728,0.023743016759776536,1195
постеры кпоп,постеры кпоп,136,638,15120,0.008994708994708995,348
постеры с котами,"постеры с котами
плакаты с котами
милые котики рисунки
картинки милых котят на аватарку
картинки милых котят аниме
котики мультяшные
картинки милых котят
картинки коты приколы
картины с кошками",136,1,21132,0.006435737270490252,348
футболка картина,стоп,136,5754,27428,0.004958436634096544,898
картина ручной работы,стоп,136,189,32221,0.0042208497563700695,7131
модульная картина на стену в гостиную,нет,136,41,34828,0.0039049041001493054,2975
постеры а4,нет,136,3059,34919,0.0038947277986196628,280
аниме картины,"аниме картины
аниме картинки 1024x600
картинки аниме милое
картинки картинки аниме
аниме картинки из разных аниме
аниме персонажи картинки
аниме картинки на аватарку
картинки anime на аву
картинки аниме животные",136,3818,34983,0.0038876025498099077,1201
постеры для комнаты,"картинки городов мира
картинки природы
картинки абстракция красивые
красивые картинки графика
абстракция цветы
абстракция цветов живопись
природа и животные фото",136,39,46267,0.0029394600903451702,489
картина по стразам,стоп,136,549,57724,0.002356039082530663,761
картина белая,"белая картина акварель
белая живопись
белая картинка
светлые картины
белые картины маслом
белые ангелы картины
белое фото
фото белое на белом фоне
фотографии белый цвет
белый цвет фото",136,7,83384,0.0016310083469250696,530
картина дональд дак,картина дональд дак,132,51,203,0.6502463054187192,1192
kaws картина,"kaws hd картины
Kaws",132,252,384,0.34375,1060
лего картина,стоп,132,146,1411,0.09355067328136074,1343
правила  картина,правила  картина распечатать,132,277,1920,0.06875,829
картина с пионами,"картина пионы
пионы картины художников
картины современных художников пионы
нежные пионы
пионы фон
пионы винтаж
пионы ретро
обои для рабочего стола 1920х1080 высокого качества пионы ретро
пионы барокко
весенние пионы",132,133,17631,0.0074868129998298455,1471
картина золото,"золотые картинки
графические золотые лица
золотые картинки hd
золото арт картинки
густав климт картины",132,2572,18055,0.007310994184436444,2573
картина из страз для детей,стоп,132,31,32249,0.004093150175199231,359
,,132,11,33233,0.003971955586314808,1727
аниме постеры на стену,"аниме плакаты
аниме фигурки
картинки аниме плакаты",132,165,33875,0.003896678966789668,405
картина на стену в коридор,"вертикальные картины художников
вертикальная картина графика
вертикальные картинки высокого качества",132,0,34494,0.0038267524786919464,-1
картины в гостиную на стену,"картинки городов мира
картинки природы
картинки абстракция красивые
красивые картинки графика
абстракция цветы
абстракция цветов живопись
природа и животные фото
картина растения экзотика",132,131,34537,0.0038219880128557778,2329
постеры мияги,постеры мияги,128,989,1361,0.0940484937545922,597
lego картина,стоп,128,153,1412,0.0906515580736544,2399
картина будда,"картина будда
космический будда
будда живопись
будда обои
будда картинки
буддизм картинки
будда красивые картины
будда картина акрил
будда красивые картинки",128,899,1753,0.07301768397033656,4974
вагнер картина,вагнер картина,128,146,2150,0.059534883720930236,795
енот картина,"енот картина
три енота картинка
2 енота картинки
еноты любовь
енот картинки хорошее качество
енот обои
обои на телефон енот
енот в цветах обои
семья енотов обои
обои на рабочий стол енот",128,2061,2994,0.04275217100868404,1158
постеры bts,"постеры bts
bts постеры фото хорошего качества
bts в москве
bts фон
bts плакат арт
постеры на стену bts suga
плакаты bts распечатать
bts арты
bts фотосессия
bts fire фотосессия
постеры бтс с высоким разрешением
bts фотосессия 2016
bts фотосессия wings",128,5072,7350,0.017414965986394557,547
модульная картина море,нет,128,188,14126,0.009061305394308368,3354
постеры розовые,"постеры розовые
розовый постер с надписью на русском
розовый фламинго постер",128,22,15731,0.008136799949145,829
картина в салон красоты,"картина в салон красоты вертикальная
бьюти картинки нарисованные ресницы
картины в салон красоты маникюр
бьюти картинки нарисованные
бьюти картинки нарисованные девушки
бьюти рисунки визажиста
косметика рисунок
девушка парикмахер рисунок",128,122,22541,0.005678541324697218,1849
картина из страз на подрамнике,стоп,128,11,33301,0.0038437284165640673,1185
интерьерные картины для гостиной большие,"картинки городов мира
картинки природы
картинки абстракция красивые
красивые картинки графика
абстракция цветы
абстракция цветов живопись
природа и животные фото
картина растения экзотика",128,0,34927,0.003664786554814327,-1
абстракция картина,"картина абстракция
абстракция картины известных художников
девушка абстракция картина
африка абстракция
абстракция в живописи",128,3485,59334,0.0021572791316951494,1542
картины большие,нет,128,86,59800,0.002140468227424749,2113
картины на холсте большие,нет,128,19,59862,0.002138251311349437,1999
обогреватель картина,стоп,124,223,264,0.4696969696969697,1695
мусульманская картина,"исламские картинки хорошие
исламские картинки природа
исламские картинки про любовь",124,239,678,0.18289085545722714,1408
пионы картина интерьерная большая,"картина пионы
пионы картины художников
картины современных художников пионы
нежные пионы
пионы фон
пионы винтаж
пионы ретро
обои для рабочего стола 1920х1080 высокого качества пионы ретро
пионы барокко
весенние пионы",124,0,2709,0.045773348098929495,-1
мияги картина,"картинки мияги и эндшпиль
miyagi эндшпиль картинки
фото мияги и эндшпиль b b[ uheggf
мияги азамат кудзаев
miyagi эндшпиль фото 2017
miyagi эндшпиль фотосессии
miyagi картинки на рабочий стол",124,912,2810,0.04412811387900356,808
картина над кроватью в спальню,"картинки городов мира
картинки природы
картинки абстракция красивые
красивые картинки графика
абстракция цветы
абстракция цветов живопись
природа и животные фото",124,3,4529,0.027379112386840362,10287
картина мрамор,"картина мрамор
картинки мрамора с надписями
мрамор картинки на телефон
мрамор обои с надписью",124,5315,7329,0.016919088552326374,3871
картина луна,"картина луна
красивые картинки луны
луна картинки для детей
фото луны из космоса высокого разрешения
луна новолуние картинки
картинки луна на небе
картинки месяца и луны
картинки ночь луна
луна и звёзды картинки
картинки ночь луна звезды романтика
ночь картинки для детей
луна и звёзды картинки
картинки на рабочий стол луна
картинки зимней ночи с луной
луна и море картинки",124,2360,10737,0.01154884977181708,3946
картина мазайка,стоп,124,1,32394,0.003827869358523183,730
картины стразами на подрамнике,стоп,124,116,33269,0.0037271934834230062,668
алмазная живопись картина стразами,стоп,124,28,33310,0.003722605824076854,912
большие картины на стену,нет,124,4,34819,0.003561274017059651,2364
картина семья,"картина семья
семья в картинах русских художников
детская картина семья
картина счастливая семья
картина маслом семья
картины на тему семья
знаменитая картина семьи
картины стива хэнкса
семья картины современных художников
картина семья пинтерест",124,136,45871,0.002703232979442349,969
рамка 30х40 для картины,стоп,124,406,56309,0.0022021346498783496,753
картина холст,нет,124,4891,59532,0.0020829133911173824,1469
настенный обогреватель картина,стоп,120,157,219,0.547945205479452,1495
постеры с hello kitty,"постеры hello kitty
плакат с днем рождения hello kitty",120,88,238,0.5042016806722689,668
постеры токийские мстители,постеры токийские мстители,120,669,1069,0.11225444340505145,708
картина рик и морти,"картина рик и морти
морти из рик и морти
рик и морти арт
рик и морти картинки квадратные
рик и морти злой морти
рик и морти картинки красивые
рик санчес арт
рик и морти милые картинки",120,933,1320,0.09090909090909091,1983
картина мона лиза,"картина мона лиза
мона лиза приколы",120,437,1527,0.07858546168958742,1066
картина отпечатки рук,нет,120,24,2380,0.05042016806722689,557
скрудж макдак картина,"скрудж макдак картина
надпись скрудж макдак на картинке
скрудж макдак купается в деньгах
картинки скрудж макдак и деньги
скрудж макдак ныряет в деньги
скрудж макдак и поночка
скрудж макдак картинки из мультфильма
скрудж макдак картинки для взрослых",120,585,2387,0.050272308336824466,1227
картина бтс,"картина бтс
bts jimin
картинки bts в стиле аниме
картинки bts на рабочий стол
bts i need u
картинки ви из бтс
картинки бтс чонгук
картинки bts jungkook
bts j-hope
bts картинки в хорошем качестве
bts арт
картинки бтс в виде аниме",120,1714,5412,0.022172949002217297,1635
картина масло,"картина маслом
картины маслом на холсте природа яркая
картины маслом на холсте пейзажи италии
картины маслом ночной город в воде
художник graham gercken картины
художники бродвея картины",120,4914,11643,0.01030662200463798,10294
картина пионы на холсте,"картина пионы
пионы картины художников
картины современных художников пионы
нежные пионы
пионы фон
пионы винтаж
пионы ретро
обои для рабочего стола 1920х1080 высокого качества пионы ретро
пионы барокко
весенние пионы",120,422,13450,0.008921933085501859,1667
картина 60х100 см,нет,120,668,16861,0.007117015598125853,1256
картины с водопадом,"картины с водопадом
картины водопад
красивый водопад
картина водопад в лесу
горы с водопадом картины
водопад маслом
картины маслом водопад
ниагарский водопад маслом
красивые водопады мира фото
горы и водопады живопись картины",120,138,20316,0.005906674542232723,7379
картина геншин,"картина геншин
постеры геншин",120,4740,33680,0.0035629453681710215,1463
картина птицы,"картина птицы
картина птиц
картины с птицами известных художников
волшебная птица картина
знаменитые картины с птицами
птицы в саду картина
картина птицы весной
птицы картины художников
",120,1671,33986,0.003530865650561996,2423
арт картина,"арт картина
картинки арты животных
art картинки на рабочий стол
art на аву
art картинки на аватарку
картинки арт креатив
арт картинки прикольные
art рисунки
арт картинки про любовь
арт картинки мечта
рисунки в стиле поп-арт
art девушки",120,4499,34069,0.0035222636414335615,1034
интерьерные картины для гостиной,"картинки городов мира
картинки природы
картинки абстракция красивые
красивые картинки графика
абстракция цветы
абстракция цветов живопись
природа и животные фото",120,0,34636,0.0034646033029218154,-1
картина в спальню интерьерная,"картинки городов мира
картинки природы
картинки абстракция красивые
красивые картинки графика
абстракция цветы
абстракция цветов живопись
природа и животные фото",120,0,34748,0.003453436168988143,-1
картины аниме на стену,"аниме постеры
за гранью аниме постер
аниме вольный стиль
вольный стиль аниме арт",120,176,34817,0.0034465921819800674,1039
картины из металла,стоп,120,78,34968,0.0034317089910775567,6479
картина из металла,стоп,120,78,34968,0.0034317089910775567,6479
картины на стекле,стоп,120,2271,58874,0.002038251180487142,1375
картина декор,нет,120,314,99270,0.0012088244182532487,803
постеры джи айдл,постеры джи айдл,116,11,35,3.3142857142857145,411
сыпучая картина,стоп,116,0,303,0.38283828382838286,-1
картина нитками и гвоздями,стоп,116,0,406,0.2857142857142857,-1
картина скриптонит,"картина скриптонит
скриптонит картинки hd
картинка надпись скриптонит
скриптонит картинки на рабочий стол",116,356,422,0.27488151658767773,1086
картина поп арт,"картина поп арт
поп-арт картинки эротика
поп-арт картины животных
поп-арт пейзаж
картина в стиле поп-арт в фотошопе
иллюстрации в стиле поп-арт
лошадь поп-арт
",116,95,790,0.1468354430379747,1022
картина из мха,стоп,116,4,806,0.14392059553349876,1055
крючки для картины,стоп,116,185,1137,0.10202286719437115,215
картина из гипса,стоп,116,121,1640,0.07073170731707316,740
картина лаванда,,116,1117,2536,0.04574132492113565,4440
картины мотивационные,"картина мотивация
картина мотивация жизни
картина мотивация спорт",116,96,2628,0.0441400304414003,1060
модульная картина аниме,"лаванда картина рисунки
лавандовые поля в провансе франция
лавандовое поле картина
картина лавандовое поле художник
лавандовое поле картина маслом
лавандовое поле обои
фотографии лавандового поля
лавандовые поля в провансе франция
лавандовое поле фото
",116,91,3982,0.029131089904570567,2909
картина на стену пионы,"картина пионы
пионы картины художников
картины современных художников пионы
нежные пионы
пионы фон
пионы винтаж
пионы ретро
обои для рабочего стола 1920х1080 высокого качества пионы ретро
пионы барокко
весенние пионы",116,82,7221,0.01606425702811245,1429
постеры аниме а3,"аниме постеры
за гранью аниме постер
аниме вольный стиль
вольный стиль аниме арт",116,1123,7370,0.015739484396200813,539
эстетичные постеры на стену,"эстетичные постеры на стену
эстетика постер
постер пинтерест эстетика",116,0,12965,0.008947165445430004,-1
картина золотая,"золотые картинки
графические золотые лица
золотые картинки hd
золото арт картинки
густав климт картины",116,472,18053,0.006425524843516313,3626
картина правила дома,картина правила дома распечатать,116,800,18229,0.006363486751878874,825
рама для картины 50х70,стоп,116,63,19559,0.005930773556930314,1314
картина в кабинет,"абстракция природы живопись
абстракция рисунки
картинки абстракция черно-белые
картинки на телефон абстракция
картинки абстракция высокого разрешения
картинки высокого разрешения город
мотивационные картинки для сотрудников
мотивация персонала картинки",116,23,19812,0.005855037351100343,1205
постеры море,"картина море
известные картины с морем
картины моря известных художников
картины моря маслом на холсте известных художников
фото моря и океана
фото моря и океана высокого разрешения
фото моря и пляжа высокого разрешения
италия море фото
рассвет на море фото
закат на море фото высокого разрешения",116,1566,20641,0.005619882757618332,522
картины ручной работы,нет,116,189,32220,0.0036002482929857233,7131
маленькие картины,нет,116,94,32339,0.0035870002164569096,2071
мозаика картина,стоп,116,5240,32400,0.003580246913580247,1409
модульная картина на стену в спальню,нет,116,9,34786,0.003334674869200253,2280
картина 3д,стоп,116,125,48349,0.002399222321040766,1287
картины со стразами,стоп,116,14,57722,0.002009632375870552,718
картина стекло,стоп,116,226,58874,0.001970309474470904,9702
картина с цветами,"картина с цветами
картины с цветами известных художников
картины с цветами кэрол каваларис
картины с цветами современные
живопись цветы акварель
картины с цветами сирень",116,136,59465,0.0019507273185907677,1260
картина с девушкой,"картина с девушкой
мультяшные картинки девушек
картинки девушек рисунки
нарисованные девушки в стиле
картинки нарисованных девочек прикольные
нарисованные девушки арт
рисунки девушек на аву",116,3,59701,0.0019430160298822465,1490
большие картины,нет,116,86,59800,0.0019397993311036788,2113
постеры в раме,стоп,116,773,60030,0.001932367149758454,2975
дима матвеев картина,"дима матвеев
дима матвеев битва экстрасенсов
дима матвеев фото",112,9,165,0.6787878787878788,560
картина по фото на заказ,стоп,112,11,212,0.5283018867924528,1954
картина африканка,"картина африканка
африканские женщины
африканские женщины картины
",112,538,914,0.12253829321663019,1439
картина песком фреска,стоп,112,145,1603,0.06986899563318777,279
картина с подсветкой на стену,стоп,112,25,1917,0.058424621804903494,982
картина клинок рассекающий демонов,"картина клинок рассекающий демонов
клинок рассекающий демонов
клинок рассекающий демонов персонажи
",112,1455,3060,0.036601307189542485,1124
картина для ванной комнаты,"ретро постер ванна
ретро постеры
постер надпись для ванны
картинки для ванной комнаты декупаж
девушка в ванной картина
девушка в ванне рисунок
девушки в ванной пин ап
в душе рисунок
девушка в ванной рисунок pinup
морская тематика
экзотическая тематика",112,25,3776,0.029661016949152543,2369
постеры гарри поттер,"постеры гарри поттер
гарри поттер постер в хорошем качестве
постеры гарри поттер с цитатой дамблдора
гарри поттер и философский камень постер
гарри поттер обои
гарри поттер фанарт
ретро постер гарри поттер
гарри поттер арты постеры
гарри поттер постер все герои",112,1309,3803,0.02945043386799895,555
картина jdm,"картина jdm
jdm drift
дрифт jdm картинки
картинки авто jdm
jdm style картинки
jdm постер",112,178,5126,0.02184939523995318,407
картина ван гог,"картина ван гог
пейзажи ван гога
картина ван гога на айфон
картины ван гога обои на айфон
картины ван гога виноградники
подсолнухи ван гога
картины ван гога парижского периода
ван гог венеция
ван гог звездная ночь
ван гог ночное кафе
ван гог автопортрет
ван гог пшеничное поле с воронами",112,3928,8076,0.013868251609707775,3930
эстетичные постеры,"эстетичные постеры
эстетичные постеры на стену
эстетика постер
постер пинтерест эстетика",112,5,12994,0.008619362782822841,372
ретро постеры,"ретро постеры
советские плакаты
ретро плакаты с девушками
постер ретро hawaii
ретро плакаты ссср
советские ретро постеры
ретро постеры смешные
плакаты ретро нецензурные
советские постеры и плакаты
прикольные плакаты ссср переделанные
ретро плакаты америка
ретро плакат ремонт авто девушки
ретро плакаты путешествия
ретро плакаты сша авто
ретро плакаты времен 50-60-ых годов
ретро плакаты италия",112,9,29405,0.003808876041489543,411
картины с цитатой,"картинки с цитатами
картины с цитатами о жизни
кофе цитаты и афоризмы
цитаты знаменитых людей",112,0,31539,0.003551158882653223,-1
постеры 30х40,нет,112,4281,31664,0.0035371399696816574,464
картины стразами с подрамником,стоп,112,0,33301,0.0033632623644935587,-1
картина в белой раме,стоп,112,44,33834,0.0033102796004019627,1291
картины для бара,"картины для бара
картины в пивную
постеры для бара
картины для бара и кафе
картины для паба
картины для пивного бара
картинки для бара в хорошем качестве
красивые картины в бар
картины для заведения
картины в баре фото
постеры для кафе в стиле гражданин
картины для кафе
картины с пивом
картины с алкоголем
картины с коктейлем
средневековая таверна картинки
бар иллюстрация",112,58,34698,0.0032278517493803676,1826
постеры в спальню,"картинки городов мира
картинки природы
картинки абстракция красивые
красивые картинки графика
абстракция цветы
абстракция цветов живопись
природа и животные фото
постер экзотика",112,59,34784,0.003219871205151794,646
картины интерьерные набор,нет,112,19,34825,0.0032160804020100503,1990
картина в салон,"картина в салон красоты вертикальная
бьюти картинки нарисованные ресницы
картины в салон красоты маникюр
бьюти картинки нарисованные
бьюти картинки нарисованные девушки
бьюти рисунки визажиста
косметика рисунок
девушка парикмахер рисунок",112,19,34899,0.003209261010344136,1466
постеры ссср,"постеры ссср
плакаты в ссср против запада
плакаты ссср про запад
плакаты ссср на новый лад
плакаты ссср с матом
плакаты ссср приколы
плакаты ссср прикольные
ссср плакаты смешные
плакаты ссср 1920 на 1080
переделанные плакаты ссср приколы
плакаты ссср переделанные",112,461,34963,0.0032033864370906388,544
картина на стену в детскую,,112,45,57289,0.0019550000872767897,1319
постеры дима матвеев,"дима матвеев
дима матвеев битва экстрасенсов
дима матвеев фото",108,8,105,1.0285714285714285,607
картина доллар,"много долларов вид сверху
картины маслом с долларом
картина доллар",108,233,564,0.19148936170212766,1432
картина из эпоксидной смолы набор,стоп,108,2,847,0.12750885478158205,1614
картина король и шут,"картина король и шут
король и шут постер пнг
король и шут арт
король и шут постеры высокого качества
постеры король и шут
король и шут рисунки
король и шут фотосессия
король и шут обои
король и шут картинки
король и шут первый состав
михаил горшенев
горшок постер",108,680,884,0.12217194570135746,790
картина из пластилина,стоп,108,184,1297,0.08326908249807248,306
светильник для картины,стоп,108,225,2079,0.05194805194805195,3803
постеры очень странные дела,"постеры очень странные дела
очень странные дела 1 сезон постер
очень странные дела 2 постер
очень странные дела монстр
очень странные дела фотосессия
очень странные дела уилл
очень странные дела арт постер
очень странные дела 3 сезон
очень странные дела актеры
очень странные дела плакат
очень странные дела 3 постер",108,1584,2170,0.04976958525345622,654
картина звездная ночь,"картина звездная ночь
картина звезды ночью
картина звездное небо
картина ночь звезды
картины звезды в небе
звездная ночь фото
",108,1186,3020,0.03576158940397351,5352
рама для картины 60х90,стоп,108,4,18692,0.00577787288679649,1166
картина антистресс,стоп,108,126,18784,0.005749574105621806,1242
картина стеклянная,стоп,108,10,22214,0.004861798865580265,1029
винтажные постеры,"винтажные постеры
винтажные постеры с ретро автомобилями
винтажная реклама
ретро плакаты ссср
винтажные постеры пиво
винтажные афиши
винтажные постеры кофе
постеры для кофейни
винтажные постеры сладости
винтажные постеры вино
плакат чай",108,117,23840,0.004530201342281879,713
картина из нитей,стоп,108,0,32928,0.0032798833819241984,-1
постеры на стену для подростка,"герои марвел
постеры города
постеры игры
постеры авто
постеры мото
постеры физика",108,0,34594,0.003121928658148812,-1
картины стразами алмазная мозаика,стоп,108,131,57155,0.0018895984603271804,591
картина со стразами алмазная на подрамнике,стоп,108,0,58153,0.001857169879455918,-1
картины в спальни,"картинки городов мира
картинки природы
картинки абстракция красивые
красивые картинки графика
абстракция цветы
абстракция цветов живопись
природа и животные фото
постер экзотика",108,4,59148,0.0018259281801582471,1286
постеры для детской,"детские картины
постеры на стену детские распечатать
постеры в детскую для распечатки
милые постеры на стену распечатать
постеры животные в детскую для распечатки
картина в детскую девочке
картинки для мальчиков из мультфильмов
картинки для девочек из мультфильмов
картины из мультиков
сказочные картины
детские иллюстрации",108,112,59411,0.0018178451801854876,414
картина по носерам,стоп,108,0,134418,0.0008034638218095791,-1
постеры g i-dle,"постеры g i-dle
g i-dle шухуа
g i dle минни
g i dle участницы
g i dle hann
g i-dle soyeon
суджин g i dle
g i dle latata
g i-dle соён
g i-dle в аэропорту
g i dle миён
g i dle соен
g i-dle yuqi",104,25,35,2.9714285714285715,455
постеры black pink,"постеры black pink
блэк пинк состав
блэк пинк розэ
black pink yg
дженни блэк пинк
black pink korea
black pink 2019
блэк пинк розе
black pink lisa
black pink jennie
black pink hd
black pink рози
black pink jisoo",104,233,262,0.3969465648854962,526
картина 100х180,нет,104,156,399,0.2606516290726817,3953
роналдо картина,"роналдо картина
роналдо
роналдо в молодости
ronaldo 2013
криштиану роналдо торс
Ronaldo 2014
роналду 2015
cristiano ronaldo vs
ronaldo brazil",104,33,710,0.14647887323943662,1161
картина мияги по номерам,стоп,104,292,1054,0.09867172675521822,768
картина лего,стоп,104,145,1412,0.07365439093484419,1341
токийский гуль постеры,"токийский гуль постеры
токийский гуль постер со всеми
токийский гуль постер а4
токийский гуль 4 сезон постер
токийский гуль заставка на телефон
токийский гуль арты ризе и канеки
токийский гуль плакат а4",104,1036,1855,0.056064690026954175,533
рамка для картины 40х50 со стеклом,стоп,104,3,2058,0.05053449951409135,1285
картина детская,"детские картины
постеры на стену детские распечатать
постеры в детскую для распечатки
милые постеры на стену распечатать
постеры животные в детскую для распечатки
картина в детскую девочке
картинки для мальчиков из мультфильмов
картинки для девочек из мультфильмов
картины из мультиков
сказочные картины
детские иллюстрации",104,6,2152,0.048327137546468404,1487
картина с отпечатками рук,стоп,104,0,2380,0.043697478991596636,-1
постеры черно белые,"постеры черно белые
черно белые постеры с яркими элементами
черно белые постеры природа
слова черно белые постеры
черно белые постеры с красными вставками
чёрно-белые постеры с надписями
чёрно-белые постеры цветы
черно белые постеры одуванчики
постер город черно-белый
постеры черно белые ретро
черно белые цветы постеры вертикальные
постеры черно белые позитивные",104,56,8648,0.012025901942645698,552
картина крестиком,стоп,104,356,21802,0.004770204568388221,754
картина маленькая,картина маленькая,104,209,32339,0.003215931228547574,1902
постеры 50x70,нет,104,16,33776,0.0030791094268119374,1175
постеры цветы,"картина цветы
картины цветов известных художников
картины цветы на розовом фоне
картины цветы большое разрешение
абстракция цветы картины
цветы в картинах великих художников
картины цветы нарисованные
цветы картины художников
картины нежность цветы
картина цветы гортензия
картина цветы на поляне
постеры на стену цветы орхидеи
постер цветы мазками
постеры цветы рисунок
картины цветов акварелью",104,213,34712,0.0029960820465545056,442
постеры а3,нет,104,3343,34804,0.0029881622801976784,293
картина современная,"картина современная
современные художники и их картины
картины современных художников графика
современная концептуальная живопись
живопись современных художников
современные картины эзотерика
современная живопись необычайной красоты
акварель картины современных художников
современные картины с музыкантами
современная живопись россии
современная живопись портреты
современные картины реализм
картины маслом современных художников",104,32,34820,0.002986789201608271,1631
маленькие постеры,"постеры мини
Мини постеры распечатать",104,113,34866,0.002982848620432513,605
картина модульная на кухню,нет,104,104,34902,0.002979771932840525,2238
картины для зала,"картинки городов мира
картинки природы
картинки абстракция красивые
красивые картинки графика
абстракция цветы
абстракция цветов живопись
природа и животные фото
постер экзотика",104,10,34953,0.0029754241409893287,1663
постеры интерьерные 40*50,нет,104,0,34988,0.002972447696353035,-1
настенные картины,нет,104,11,59220,0.0017561634582911178,658
постеры детские,"детские постеры сюжеты
детские принты
детские постеры на стену распечатать
сказочные сюжеты
детские картины маслом
детские картины
постеры на стену детские распечатать
постеры в детскую для распечатки
милые постеры на стену распечатать
постеры животные в детскую для распечатки
картина в детскую девочке
картинки для мальчиков из мультфильмов
картинки для девочек из мультфильмов
картины из мультиков
сказочные картины
детские иллюстрации",104,104,59411,0.0017505175809193585,352
картина по намирам.,стоп,104,0,77997,0.0013333846173570777,-1
рамка а2 для картины,стоп,100,0,44,2.272727272727273,-1
картина скрудж макдак большая,"скрудж макдак картина
надпись скрудж макдак на картинке
скрудж макдак купается в деньгах
картинки скрудж макдак и деньги
скрудж макдак ныряет в деньги
скрудж макдак и поночка
скрудж макдак картинки из мультфильма
скрудж макдак картинки для взрослых",100,15,1034,0.09671179883945841,1511
светящаяся картина,стоп,100,231,1049,0.09532888465204957,3874
картины из эпоксидной смолы,стоп,100,35,1081,0.09250693802035152,3751
картина в баню,"картина в баню
картина для бани
баня в живописи художников
картины про баню русских художников

",100,212,1550,0.06451612903225806,1656
картина с пионами большая,"картина пионы
пионы картины художников
картины современных художников пионы
нежные пионы
пионы фон
пионы винтаж
пионы ретро
обои для рабочего стола 1920х1080 высокого качества пионы ретро
пионы барокко
весенние пионы",100,0,3028,0.03302509907529723,-1
картина обезьяны,"картина обезьяны
картина обезьяны нэшенл географик
мартышки
смешные обезьянки картинки
картинки милых обезьянок
стая обезьян картинки
обезьяна горилла фото
обезьяны на ветке картинки
смешные картинки обезьян",100,450,3309,0.030220610456331218,3995
неоновая картина,"неоновая картина
статуи неон
неоновые картинки черепов
живые неоновые картинки
картинки неоновые девушки
неоновые картинки на телефон
неон город
неоновые картинки на рабочий стол
неоновые картинки животных",100,486,5162,0.019372336303758234,3088
картина блестками,стоп,100,110,11406,0.00876731544800982,969
картина на стену большая модульная,нет,100,123,17502,0.005713632727688264,2778
bmw картина,"bmw картина
картинки бмв 7 серии
картинки на рабочий стол bmw
bmw тюнинг картинки
картинки бмв тюнинг
картинки бмв м3
картинки bmw m5
картинки bmw m3
картинки bmw 7
картинки на рабочий стол бмв
картинки бмв черная
bmw современные",100,262,21458,0.004660266567247646,1726
картина стразами для детей,стоп,100,22,32213,0.003104336758451557,333
картина из мозаики,стоп,100,0,32404,0.003086038760646834,-1
картины из мозаики,стоп,100,0,32440,0.0030826140567200987,-1
картина интерьерная большая,"картинки городов мира
картинки природы
картинки абстракция красивые
красивые картинки графика
абстракция цветы
абстракция цветов живопись
природа и животные фото
постер экзотика",100,256,34786,0.002874719714827804,1897
картина в зал,"картинки городов мира
картинки природы
картинки абстракция красивые
красивые картинки графика
абстракция цветы
абстракция цветов живопись
природа и животные фото
постер экзотика",100,11,34955,0.0028608210556429693,1697
картина цветы интерьерная,"картина с цветами
картины с цветами известных художников
картины с цветами кэрол каваларис
картины с цветами современные
живопись цветы акварель
картины с цветами сирень",100,75,57699,0.0017331322899876947,1687
картина по стразами,стоп,100,556,57736,0.0017320216156297631,755
картины для стен,нет,100,361,59220,0.0016886187098953055,1033
картины в комнату,"картинки городов мира
картинки природы
картинки абстракция красивые
красивые картинки графика
абстракция цветы
абстракция цветов живопись
природа и животные фото
постер экзотика",100,30,59246,0.001687877662627013,1213
картина дерево,,100,8,59322,0.0016857152489801422,1625
картина на дереве,стоп,100,6,59322,0.0016857152489801422,728
лесбиянки постеры,,96,0,3,32.0,-1
постеры tiny bunny,,96,13,13,7.384615384615385,359
король и шут картина,"король и шут постер пнг
король и шут арт
король и шут постеры высокого качества
постеры король и шут
король и шут рисунки
король и шут фотосессия
король и шут обои
король и шут картинки
король и шут первый состав
михаил горшенев
горшок постер",96,680,884,0.1085972850678733,792
ковер картина на стену,,96,3,911,0.10537870472008781,1363
мини картины,мини постеры распечатать,96,650,1251,0.07673860911270983,1069
картина джокер,"джокер картина
картинки джокера из фильма
джокер картинки из мультфильма
кровавый джокер картинки
картинки джокер и харли
картинки джокера из отряд самоубийц
joker картинки на рабочий стол
картинки джокера из игры
джокер картинки джаред",96,713,1328,0.07228915662650602,1385
картина текстурная,стоп,96,41,1457,0.06588881262868909,2396
картина эротика,"картина эротика
картина сексуальность
сексуальная энергия картинки
эротическая живопись пин-ап
эротическое фэнтези
художник robert mcginnis эротика",96,760,3260,0.029447852760736196,1107
картина мотоциклист,,96,301,5968,0.0160857908847185,1386
картина в белой рамке интерьерная,стоп,96,0,8934,0.010745466756212223,-1
картина пион,"картина пионы
пионы картины художников
картины современных художников пионы
нежные пионы
пионы фон
пионы винтаж
пионы ретро
обои для рабочего стола 1920х1080 высокого качества пионы ретро
пионы барокко
весенние пионы",96,5553,17627,0.00544619050320531,4052
рамка для картины 40х60,стоп,96,24,19376,0.00495458298926507,941
картина на стену зеленая,,96,16,19539,0.004913250422232458,1557
картина на стену в салон красоты,"картина в салон красоты вертикальная
бьюти картинки нарисованные ресницы
картины в салон красоты маникюр
бьюти картинки нарисованные
бьюти картинки нарисованные девушки
бьюти рисунки визажиста
косметика рисунок
девушка парикмахер рисунок",96,0,22017,0.004360267066357814,-1
картины на стену в гостиную больших размеров,"картинки городов мира
картинки природы
картинки абстракция красивые
красивые картинки графика
абстракция цветы
абстракция цветов живопись
природа и животные фото
постер экзотика",96,0,30864,0.003110419906687403,-1
маленькая картина,маленькая картина,96,209,32386,0.0029642438090532945,1893
алмазные картины с подрамником,стоп,96,0,33151,0.0028958402461464207,-1
современные картины,"картина современная
современные художники и их картины
картины современных художников графика
современная концептуальная живопись
живопись современных художников
современные картины эзотерика
современная живопись необычайной красоты
акварель картины современных художников
современные картины с музыкантами
современная живопись россии
современная живопись портреты
современные картины реализм
картины маслом современных художников",96,12,34820,0.0027570361860999423,1634
модульная картина на стену для ,,96,0,34856,0.002754188661923342,-1
большие постеры на стену,,96,163,34900,0.0027507163323782233,465
картины детские в комнату,"детские постеры сюжеты
детские принты
детские постеры на стену распечатать
сказочные сюжеты
детские картины маслом
детские картины
постеры на стену детские распечатать
постеры в детскую для распечатки
милые постеры на стену распечатать
постеры животные в детскую для распечатки
картина в детскую девочке
картинки для мальчиков из мультфильмов
картинки для девочек из мультфильмов
картины из мультиков
сказочные картины
детские иллюстрации",96,0,34930,0.0027483538505582595,-1
картины в рамке,нет,96,754,40817,0.0023519611926403213,1741
постеры для интерьера,,96,841,56667,0.0016941076817195192,603
картины на стену в детскую,"детские постеры сюжеты
детские принты
детские постеры на стену распечатать
сказочные сюжеты
детские картины маслом
детские картины
постеры на стену детские распечатать
постеры в детскую для распечатки
милые постеры на стену распечатать
постеры животные в детскую для распечатки
картина в детскую девочке
картинки для мальчиков из мультфильмов
картинки для девочек из мультфильмов
картины из мультиков
сказочные картины
детские иллюстрации",96,45,57292,0.0016756266145360609,1319
картина из алмазной мозаики,стоп,96,0,57293,0.0016755973679158011,-1
декоративные картины,,96,0,58911,0.001629576819269746,-1
картины абстракция,"картина абстракция
абстракция картины известных художников
девушка абстракция картина
африка абстракция
абстракция в живописи",96,3485,59337,0.0016178775468931696,1537
модульные картины на стену для интерьера,нет,96,9,59549,0.001612117751767452,2121
картины природа,,96,1513,59584,0.001611170784103115,1461
картина для рисования по номерам,стоп,96,5,134419,0.0007141847506676884,2147
постеры инди кид,,92,24,57,1.6140350877192982,439
картина marvel,,92,1,156,0.5897435897435898,895
обложка на паспорт картина,стоп,92,120,192,0.4791666666666667,529
кавс картина,,92,67,384,0.23958333333333334,1057
крепление для картины,стоп,92,41,514,0.17898832684824903,174
постеры аниме волейбол,,92,288,957,0.0961337513061651,736
постеры клинок рассекающих демонов,,92,0,3842,0.02394586153045289,-1
картина эйфелева башня,,92,2760,4184,0.02198852772466539,2851
картина на холсте ван гог,"картина ван гог
пейзажи ван гога
картина ван гога на айфон
картины ван гога обои на айфон
картины ван гога виноградники
подсолнухи ван гога
картины ван гога парижского периода
ван гог венеция
ван гог звездная ночь
ван гог ночное кафе
ван гог автопортрет
ван гог пшеничное поле с воронами",92,611,5731,0.01605304484383179,1841
картина гравити фолз,,92,719,6376,0.014429109159347553,689
картина кристаллами,стоп,92,38,8422,0.010923771075753978,897
постеры эстетика,,92,584,9491,0.009693393741439259,568
картина в туалет,,92,230,11560,0.00795847750865052,2133
картина с цитатами,,92,0,31537,0.0029172083584361225,-1
постеры 30х40 интерьерные,,92,832,31802,0.0028928998176215334,421
картина рисовать,стоп,92,0,33596,0.0027384212406238837,-1
картины алмазная мозаика на холсте,стоп,92,51,33647,0.002734270514458941,740
большая модульная картина,,92,372,33716,0.002728674813145094,2628
картина арт,,92,4502,34134,0.0026952598582058946,1037
картина в спальню на стену,,92,68,34716,0.002650074893420901,1084
картина на холсте большая интерьерная,,92,143,34806,0.0026432224329138655,2363
картины для  на стену,,92,6,34827,0.0026416286214718467,479
картина 60 на 80,,92,3049,34853,0.0026396579921384097,2000
картины с природой на стену,,92,3,34906,0.0026356500315132068,893
детские картины на стену,,92,0,59730,0.0015402645236899382,-1
картины на стену детские,"детские постеры сюжеты
детские принты
детские постеры на стену распечатать
сказочные сюжеты
детские картины маслом
детские картины
постеры на стену детские распечатать
постеры в детскую для распечатки
милые постеры на стену распечатать
постеры животные в детскую для распечатки
картина в детскую девочке
картинки для мальчиков из мультфильмов
картинки для девочек из мультфильмов
картины из мультиков
сказочные картины
детские иллюстрации",92,0,59731,0.0015402387370042356,-1
картина спорт,,92,415,62762,0.001465855135272936,881
tiny bunny постеры,,88,13,13,6.769230769230769,359
постеры битва экстрасенсов,"постеры с экстрасенсами
постеры экстрасенсы битва сильнейших",88,362,412,0.21359223300970873,616
картина stray kids по номерам,стоп,88,308,490,0.17959183673469387,1008
парные картины,нет,88,12,668,0.1317365269461078,643
картина путин,,88,649,936,0.09401709401709402,872
клуб романтики картина,,88,877,991,0.08879919273461151,1123
постеры в детскую для девочки,"детские постеры сюжеты
детские принты
детские постеры на стену распечатать
сказочные сюжеты
детские картины маслом
детские картины
постеры на стену детские распечатать
постеры в детскую для распечатки
милые постеры на стену распечатать
постеры животные в детскую для распечатки
картина в детскую девочке
картинки для девочек из мультфильмов
картины из мультиков
сказочные картины
детские иллюстрации",88,4,2617,0.033626289644631255,399
картина из смолы,стоп,88,37,5178,0.016994978756276556,4785
постеры атака титанов,,88,2774,5496,0.01601164483260553,528
постеры мода,,88,37,10102,0.008711146307661849,1313
картина львы,,88,77,12828,0.006859993763642033,2043
картина япония,,88,1508,13279,0.0066270050455606595,1127
картины для рисования,стоп,88,19,33151,0.0026545202256342193,1130
подрамник 40х50 для картины,стоп,88,43,33695,0.002611663451550675,975
картина по фото на холсте,,88,71,34630,0.002541149292520936,1501
картина на стену в спальню модульная,,88,9,34786,0.0025297533490484677,2280
3д картины,стоп,88,125,48344,0.0018202879364554029,1287
картина раскраска по номерам,стоп,88,46,56816,0.0015488594762038863,714
картина красками,стоп,88,0,59195,0.0014866120449362277,-1
картины интерьерные на холсте,,88,1,59533,0.0014781717702786689,728
картина по цветам,стоп,88,5,87886,0.001001297134924789,273
картина потномерам,стоп,88,0,134365,0.0006549324600900532,-1
строй кидс постеры,,84,1,81,1.037037037037037,241
картина для пар отпечатки рук,стоп,84,1,87,0.9655172413793104,448
все ради игры постеры,,84,1,111,0.7567567567567568,348
картина наруто,,84,73,258,0.32558139534883723,945
постеры the weeknd,,84,178,604,0.1390728476821192,645
картина скрудж макдак по номерам,стоп,84,197,1255,0.06693227091633466,1025
постеры скандинавский стиль,,84,102,1935,0.043410852713178294,1679
картина маникюр,,84,840,2065,0.04067796610169491,919
картина импровизация,,84,1145,2220,0.03783783783783784,5537
скруж макдак картина,"картина скрудж макдак
скрудж макдак купается в деньгах
скрудж макдак купается в деньгах обои
скрудж макдак картинки из мультфильма
скрудж макдак картина
надпись скрудж макдак на картинке
скрудж макдак купается в деньгах
картинки скрудж макдак и деньги
скрудж макдак ныряет в деньги
скрудж макдак и поночка
скрудж макдак картинки из мультфильма
скрудж макдак картинки для взрослых",84,0,2387,0.03519061583577713,-1
клинок рассекающий демонов картина,,84,1455,3060,0.027450980392156862,1125
картина мотоцикл,,84,2421,3524,0.02383654937570942,3688
картины в спальню над кроватью,,84,3,4526,0.01855943437914273,10287
песочные картины,стоп,84,347,4872,0.017241379310344827,3678
картина футбол,,84,1940,5126,0.016387046429964885,1043
ван гог картина,"картина ван гог
пейзажи ван гога
картина ван гога на айфон
картины ван гога обои на айфон
картины ван гога виноградники
подсолнухи ван гога
картины ван гога парижского периода
ван гог венеция
ван гог звездная ночь
ван гог ночное кафе
ван гог автопортрет
ван гог пшеничное поле с воронами",84,3928,8076,0.010401188707280832,3930
рамка 40х50 для картины на подрамнике,стоп,84,44,9172,0.009158307893589184,1072
картина акварель,,84,5124,15462,0.00543267365153279,4434
геншин постеры,,84,5199,15521,0.005412022421235745,486
постеры к поп,,84,413,20286,0.004140786749482402,762
картина красное дерево,,84,20,21743,0.003863312330405188,815
постеры с надписью,,84,2,24068,0.0034901113511716804,292
рама для картины 40х60,стоп,84,9,28322,0.002965892239248641,954
постеры 50*70 см,,84,0,33528,0.0025053686471009306,-1
картина с фотографией,нет,84,0,34493,0.0024352767228133245,-1
картина на холсте аниме,,84,2264,34857,0.0024098459419915653,972
картина классика,,84,880,34881,0.002408187838651415,5965
картина для зала,,84,10,34954,0.002403158436802655,1663
детские постеры,,84,104,59411,0.0014138795845887126,352
картина для дома,,84,14,59492,0.001411954548510724,614
картины художников,,84,32,65183,0.0012886795636899192,507
картина черная,,84,2,79343,0.0010586945288179172,1295
картина по,стоп,84,6000,99273,0.0008461515215617539,1206
постеры на стену ironman,,80,0,0,80.0,-1
ringstring картина,,80,0,30,2.6666666666666665,-1
постеры на стену мияги,"картинки мияги и эндшпиль
miyagi эндшпиль картинки
фото мияги и эндшпиль b b[ uheggf
мияги азамат кудзаев
miyagi эндшпиль фото 2017
miyagi эндшпиль фотосессии
miyagi картинки на рабочий стол",80,10,101,0.7920792079207921,603
мусульманские картины с молитвой,,80,1,117,0.6837606837606838,1239
капибара картина,,80,194,231,0.3463203463203463,1169
картина из мха на стену,стоп,80,0,272,0.29411764705882354,-1
рамка 50х70 для картины,,80,55,407,0.19656019656019655,1230
скриптонит картина,"картина скриптонит
скриптонит картинки hd
картинка надпись скриптонит
скриптонит картинки на рабочий стол",80,356,422,0.1895734597156398,1086
картина сфинкс,,80,575,788,0.10152284263959391,1066
лак для картины,стоп,80,209,858,0.09324009324009325,977
модульная картина на стену желтая,нет,80,0,1704,0.046948356807511735,-1
картина деньги на стену,,80,38,2128,0.03759398496240601,1172
импровизация картина,,80,1145,2220,0.036036036036036036,5537
картина баскетбол,,80,1392,3001,0.026657780739753417,952
картины с подсветкой,стоп,80,373,3973,0.020135917442738484,2983
бтс картина,,80,1714,5412,0.014781966001478197,1635
светодиодная картина,стоп,80,185,5811,0.013766993632765444,1516
картина лебеди,,80,1286,6048,0.013227513227513227,4149
картины из гобелена,стоп,80,43,6144,0.013020833333333334,1546
картина орхидея,,80,3239,9659,0.008282430893467233,6916
клей для алмазной картины,стоп,80,18,12305,0.00650142218610321,242
картина на стену горы,,80,197,13992,0.005717552887364208,1365
постеры геншин импакт,,80,4987,13995,0.0057163272597356195,507
картины принцессы,,80,467,15010,0.005329780146568954,548
картина 3д на стену,стоп,80,1,15847,0.005048274121284785,1482
картина водопад,,80,5884,20316,0.003937783028155149,6869
картина для прихожей,,80,0,34618,0.00231093650701947,-1
картина на стену в прихожую,,80,264,34619,0.0023108697536035126,2276
картина на стену в спальню большая,,80,47,34850,0.0022955523672883787,1130
стильная картина,,80,129,34869,0.0022943015285783936,998
картины в коридор,,80,8,34878,0.0022937095016916107,1250
рамка для картины а3,стоп,80,75,34883,0.0022933807298684173,856
картина природа на стену,,80,177,34906,0.00229186959262018,1014
картина бисером вышивка,стоп,80,1234,36557,0.0021883633777388736,964
картина в детскую большая,"детские постеры сюжеты
детские принты
детские постеры на стену распечатать
сказочные сюжеты
детские картины маслом
детские картины
постеры на стену детские распечатать
постеры в детскую для распечатки
милые постеры на стену распечатать
постеры животные в детскую для распечатки
картина в детскую девочке
картина в детскую мальчику
картинки для девочек из мультфильмов
картинки для мальчиков из мультфильмов
картины из мультиков
сказочные картины
детские иллюстрации",80,5,37202,0.002150422020321488,912
картина с котом,"картина кот
пародии на картины коты
кот в костюме картина
коты надежды соколовой
картина кот в городе
ким хаскинс коты
kim haskins картины
ким хаскинс новогодние коты
смешные коты ким хаскинс
ким хаскинс картины
картины маслом коты
рисунки котов
кот акварелью
постеры с котами
плакаты с котами
милые котики рисунки
картинки милых котят на аватарку
картинки милых котят аниме
котики мультяшные
картинки милых котят
картинки коты приколы
картины с кошками
картины котов румянцева
",80,52,44381,0.0018025731732047498,1501
картина пейзаж,,80,2990,59141,0.0013526994809015742,4218
картина обстракция,,80,0,59337,0.0013482312890776412,-1
деревянная картина,,80,0,59948,0.0013344898912390738,-1
картинам по номерам,,80,6000,134385,0.0005953045354764296,671
мини постеры эстетика,,76,20,168,0.4523809523809524,463
картина для гендер пати,,76,107,324,0.2345679012345679,403
благословение небожителей картина,,76,334,413,0.18401937046004843,664
картина гравити фолз по номерам,,76,198,540,0.14074074074074075,877
картина из песка для девочек,,76,1,788,0.09644670050761421,723
эпоксидная смола картины,,76,202,1081,0.07030527289546716,1701
картина мияги на стену,"картинки мияги и эндшпиль
miyagi эндшпиль картинки
фото мияги и эндшпиль b b[ uheggf
мияги азамат кудзаев
miyagi эндшпиль фото 2017
miyagi эндшпиль фотосессии
miyagi картинки на рабочий стол",76,112,1173,0.06479113384484228,1174
картина для бани,,76,206,1550,0.04903225806451613,1516
постеры ботаника,,76,363,1623,0.04682686383240912,629
blackpink постеры,,76,1124,2023,0.037567968363816116,564
картина одуванчики,,76,198,2248,0.033807829181494664,1867
картина климт,,76,576,2514,0.030230708035003977,1468
картина девушка с пионами,,76,91,5464,0.013909224011713031,1089
картина маяк,,76,1113,6063,0.012535048655780966,1575
картины маслом на холсте,,76,358,7129,0.010660681722541731,6997
бтс постеры,,76,4680,7350,0.010340136054421769,550
эротическая картина,,76,2,7583,0.010022418567849136,1577
картина эротическая,,76,2,7583,0.010022418567849136,1577
картина 150х100,нет,76,524,8166,0.009306882194464855,4350
эстетичные картины,,76,0,8956,0.008485931219294328,-1
картина лошади,"картина с лошадьми
самые известные картины с лошадьми
картина наездница на лошади
картинки лошадей фэнтези
картина с лошадьми что означает
картинки лошадей вертикальные
лошади на воле
картины сказочных лошадей
лошади картины художников
картины с лошадьми фото
лошади на картинах великих художников
картинки лошадей пегасов
картины с лошадьми известных художников
картинки лошадей мустангов",76,1255,9878,0.0076938651548896534,5091
картина на стекле для ,стоп,76,0,11252,0.0067543547813722,-1
постеры на стену интерьерные в рамках,,76,0,13799,0.005507645481556634,-1
картина в ванную,,76,1,14366,0.005290268689962411,1093
картина с золотом,,76,1358,18057,0.004208894057706153,2095
к поп постеры,,76,501,20279,0.0037477193155481038,760
картина аниме по номерам,,76,1205,20812,0.003651739381126273,905
светодиодная картина,стоп,76,2,22542,0.0033714843403424718,1711
картина телом,"картина телом
женское тело картины
картины с натуры
картина соблазн
тела гиперреалистичные картины
картина страсть",76,2,23887,0.0031816469209193284,635
картина вертикальная,,76,10,28582,0.002659016164019313,2130
постеры фильмы,,76,36,29725,0.00255677039529016,435
детские постеры на стену,"детские постеры сюжеты
детские принты
детские постеры на стену распечатать
сказочные сюжеты
детские картины маслом
детские картины
постеры на стену детские распечатать
постеры в детскую для распечатки
милые постеры на стену распечатать
постеры животные в детскую для распечатки
картина в детскую девочке
картина в детскую мальчику
картинки для девочек из мультфильмов
картинки для мальчиков из мультфильмов
картины из мультиков
сказочные картины
детские иллюстрации",76,58,34665,0.002192413096783499,220
картины в зал,,76,11,34953,0.002174348410722971,1697
постеры 40х50,,76,957,34985,0.0021723595826782906,993
картины большие настенные,,76,0,53205,0.0014284371769570528,-1
картины настенные,,76,11,59358,0.0012803665891707942,658
настенная картина,,76,19,59358,0.0012803665891707942,1914
модульная картина цветы,нет,76,351,59919,0.0012683789782873547,3561
картины на холсте по номерам,стоп,76,2043,97474,0.0007796950981800275,796
